{
    "40.748817,-73.985428": 15.0,
    "-26.183333,28.066667": 1784.0,
    "-26.066667,28.1": 1508.0,
    "-26.116667,28.15": 1613.0,
    "-1.283333,37.083333": 1460.0
}